{"cameraMode":{"drawMode":0,"name":"Shaded","section":"Shading Mode"},"sceneLighting":true,"audioPlay":false,"sceneViewState":{"m_AlwaysRefresh":false,"showFog":true,"showSkybox":true,"showFlares":true,"showImageEffects":true,"showParticleSystems":true,"showVisualEffectGraphs":true,"m_FxEnabled":true},"in2DMode":false,"pivot":{"x":-19.808170318603517,"y":25.672975540161134,"z":178.0625762939453},"rotation":{"x":0.23478583991527558,"y":-0.25795501470565798,"z":0.06471958011388779,"w":0.9350301623344421},"size":11.450507164001465,"orthographic":false}