{"cameraMode":{"drawMode":0,"name":"Shaded","section":"Shading Mode"},"sceneLighting":true,"audioPlay":false,"sceneViewState":{"m_AlwaysRefresh":false,"showFog":true,"showSkybox":true,"showFlares":true,"showImageEffects":true,"showParticleSystems":true,"showVisualEffectGraphs":true,"m_FxEnabled":true},"in2DMode":false,"pivot":{"x":-18.350698471069337,"y":29.397235870361329,"z":202.70791625976563},"rotation":{"x":0.03852786868810654,"y":-0.24325509369373322,"z":0.010500196367502213,"w":0.9698910713195801},"size":24.786033630371095,"orthographic":false}