{"cameraMode":{"drawMode":0,"name":"Shaded","section":"Shading Mode"},"sceneLighting":true,"audioPlay":false,"sceneViewState":{"m_AlwaysRefresh":false,"showFog":true,"showSkybox":true,"showFlares":true,"showImageEffects":true,"showParticleSystems":true,"showVisualEffectGraphs":true,"m_FxEnabled":true},"in2DMode":false,"pivot":{"x":-22.783842086791993,"y":30.079790115356447,"z":201.4651336669922},"rotation":{"x":0.0012131240218877793,"y":0.2964039146900177,"z":-0.0019126242259517313,"w":-0.9558665752410889},"size":24.786033630371095,"orthographic":false}