{"cameraMode":{"drawMode":0,"name":"Shaded","section":"Shading Mode"},"sceneLighting":true,"audioPlay":false,"sceneViewState":{"m_AlwaysRefresh":false,"showFog":true,"showSkybox":true,"showFlares":true,"showImageEffects":true,"showParticleSystems":true,"showVisualEffectGraphs":true,"m_FxEnabled":true},"in2DMode":false,"pivot":{"x":19.53457260131836,"y":20.84633445739746,"z":125.14241790771485},"rotation":{"x":0.041329171508550647,"y":-0.9559124708175659,"z":0.18594732880592347,"w":0.22846761345863343},"size":1.8386281728744507,"orthographic":false}