{"cameraMode":{"drawMode":0,"name":"Shaded","section":"Shading Mode"},"sceneLighting":true,"audioPlay":false,"sceneViewState":{"m_AlwaysRefresh":false,"showFog":true,"showSkybox":true,"showFlares":true,"showImageEffects":true,"showParticleSystems":true,"showVisualEffectGraphs":true,"m_FxEnabled":true},"in2DMode":false,"pivot":{"x":2.9502358436584474,"y":32.205074310302737,"z":174.88038635253907},"rotation":{"x":-0.04408157244324684,"y":0.10628917068243027,"z":-0.005418436136096716,"w":-0.9937919974327087},"size":12.124356269836426,"orthographic":false}